{
  "project_info": {
    "project_number": "46821013546",
    "firebase_url": "https://tcom-f860a-default-rtdb.asia-southeast1.firebasedatabase.app",
    "project_id": "tcom-f860a",
    "storage_bucket": "tcom-f860a.appspot.com"
  },
  "client": [
    {
      "client_info": {
        "mobilesdk_app_id": "1:46821013546:android:26384b751e45c34b5deb53",
        "android_client_info": {
          "package_name": "com.relevanx.sampletcom"
        }
      },
      "oauth_client": [
        {
          "client_id": "46821013546-ckc7pr7p81eqgl32npe1i0259u6m37ba.apps.googleusercontent.com",
          "client_type": 1,
          "android_info": {
            "package_name": "com.relevanx.sampletcom",
            "certificate_hash": "41b60a355a5c21b7fa5a85361af66c5db25e2b70"
          }
        },
        {
          "client_id": "46821013546-lqm3d99dfgu5bf5057138o5mp0oe054d.apps.googleusercontent.com",
          "client_type": 3
        }
      ],
      "api_key": [
        {
          "current_key": "AIzaSyB42qCZej9dz6ymg0Asf4sxPBBgQoEUFKY"
        }
      ],
      "services": {
        "appinvite_service": {
          "other_platform_oauth_client": [
            {
              "client_id": "46821013546-5eq2lb1tr4p3renfmhgmmibt1fs5d182.apps.googleusercontent.com",
              "client_type": 3
            }
          ]
        }
      }
    },
    {
      "client_info": {
        "mobilesdk_app_id": "1:46821013546:android:1cc5b04125b38dc45deb53",
        "android_client_info": {
          "package_name": "com.relevanx.tcom"
        }
      },
      "oauth_client": [
        {
          "client_id": "46821013546-uqovjuojv495i3jt9i07iahmlqpq993k.apps.googleusercontent.com",
          "client_type": 1,
          "android_info": {
            "package_name": "com.relevanx.tcom",
            "certificate_hash": "41b60a355a5c21b7fa5a85361af66c5db25e2b70"
          }
        },
        {
          "client_id": "46821013546-lqm3d99dfgu5bf5057138o5mp0oe054d.apps.googleusercontent.com",
          "client_type": 3
        }
      ],
      "api_key": [
        {
          "current_key": "AIzaSyB42qCZej9dz6ymg0Asf4sxPBBgQoEUFKY"
        }
      ],
      "services": {
        "appinvite_service": {
          "other_platform_oauth_client": [
            {
              "client_id": "46821013546-5eq2lb1tr4p3renfmhgmmibt1fs5d182.apps.googleusercontent.com",
              "client_type": 3
            }
          ]
        }
      }
    }
  ],
  "configuration_version": "1"
}